,URL,Found Products
18,https://dhfonline.com/products/gift-card, Gift Card •  HALIFAX CHANDELIER •  TAMARA CHANDELIER •  CORINNA CHANDELIER •  SADIE PENDANT •  SANTIA
20,https://www.tandemarbor.com/products/kaiser-box-bed-blush-plush-velvet, Kaiser Box Bed
21,https://www.perchfurniture.com/products/hoyt-chair, Hoyt Chair •  Hoy
42,https://www.danishinspirations.com/products/products/bedroom/page/3/, MARCO High Chest •  MARCO King Bed •  MARCO Queen Bed •  MARCO Right Nightstand •  MARINI Mirror •  MARTI Double Dresser Grey •  MARTI Double Dresser Walnut •  Marti High Chest Grey •  MARTI High Chest Walnut •  MARTI King Bed Grey •  MARTI King Bed Walnut •  Marti Nightstand
46,https://nicoyafurniture.com.au/products/playa-bowl,playa • bowl
47,https://galvinbrothers.co.uk/products/alfandbud, Alf & Bud Side Tables •  (Perfectly) Imperfect Stool •  Cutler's Stool •  (Completely) Imperfect Side Table •  Bobbin Side Table •  Polygon Pedestal Lamp Table •  Polygon Pedestal Side Table •  Fluted Sideboard •  Bridle Mirror (Round) •  Furniture Care Kit •  (New) Octagon Side Table
48,https://tyfinefurniture.com/products/enso-platform-bed, Enso Platform Bed Cherry
55,https://www.cranmorehome.com.au/products/gift-card, GIFT •  GIFT CARD
60,https://www.yellowleafhammocks.com/products/hammock-gift-card,ope • airs
73,https://www.hipvan.com/products/sleep-mattress?ref=nav_dropdown,EP •  SLEEP Mattress
79,https://kokocollective.com.au/products/esme-natural-rattan-day-bed, Esme Natural Rattan Day Bed • me rattan day bed •  Natural Rattan Day Bed
81,https://www.warmnordic.com/global/products/news, Beak Birds •  Pragh Chair
82,https://www.royaloakfurniture.co.uk/products/pop-bench, Arncliffe Pop Bench
85,https://daufurniture.com/products/style/transitional/dana-upholstered-bed/,olstered • bed
92,https://www.jensen-lewis.com/products/guardsman-gold-complete-plan, Guardsman Gold Complete Plus Plan
117,https://vancouverwoodworks.com/products/aamerica-wslcb5091, Westlake Queen Storage Bed
137,https://www.softsquare.com/collections/usm-haller/products/usm-haller-media-o1, This Side Table
148,https://craftassociatesfurniture.com/products/craft-associates-wool-lounge-chairs-1519, Canadian Modern Lounge Chairs - 1519
150,https://www.scotmeachamwoodhome.com/products/hodges-tweed, Tweed •  Hodges Tweed
155,https://www.skandium.com/products/ch24-soft, CH24 Wishbone Chair - Beech - Soft colours • .
156,https://www.woodwaves.com/products/gray-floating-tv-stand-entertainment-center-eco-geo-lakewood, - ECO GEO -
160,https://jeremiahcollection.com/products/record-storage-console, Mid Century Record Storage Console
163,http://oot-oot.com/products/,EL ENNE • �ULE • TTE • ie •  UUS MOODULDIIVAN CAVA Küsi rohkem mõõte salongist! •  Mooduldiivan CAVA 325 komplekt •  Mooduldiivan CAVA 310 CHL parem •  Mooduldiivan CAVA 310 CHL vasak •  Mooduldiivan CAVA 270 CHL parem •  Mooduldiivan CAVA 270 CHL vasak •  Mooduldiivan CAVA 250 Open End + CHL vasak •  Mooduldiivan CAVA 250 Open End + CHL parem •  Mooduldiivan CAVA 270 •  Mooduldiivan CAVA 230 •  Tumba CAVA 100 •  MOODULDIIVAN BOHO Küsi rohkem mõõte salongist! Diivan BOHO
164,https://lorfords.com/collections/the-armchair-collection/products/the-bayswater-armchair, Bayswater Armchair
179,https://www.living-home.co.uk/products/58-07-valencia-side-table, Milan Side Table
190,https://hedgehousefurniture.com/products/windsor-bed, Windsor Bed
195,https://shop.vanillawood.com/products/plume-wallpaper, Plume Wallpaper
203,https://homestreethome.ie/products/zinc-tray, Glass •  Rainbow Sideboard
208,https://vauntdesign.com/products/forna-plant-stand-small, Forna Plant Stand Small •  Forna Forna Plant Stand Small
212,https://furnitica-vinova.myshopify.com/products/enim-donec-pede, Enim donec pede
219,https://teak-furniture-singapore.com/products/sweden-side-table, Sweden Teak Side Coffee Table 60 x 60 cm •  Sweden Side Table
228,https://big-sale-furniture.com/products/amsterdam-bench-150-x-35-be-150-35-ta, Amsterdam Bench 150 x 35 cm •  ( Chocolate Colour •  Amsterdam Bench 150 x
240,https://taeillo.com/products/ada, ADA SOFA
244,https://vintage-etc.com/products/tabeni-coat-stand,eni Coat Stand
261,https://www.couchpotatocompany.com/collections/best-sellers/products/ro-armchair, Ro
276,http://www.muuduufurniture.com/products/frame-material/wood/, 2Pcs Mid • Century Dining Chair •  3Pcs Black and White Faux Leather Sofa Set •  3Pcs Camel and Dark Brown Faux Leather Sofa Set w/ Coffee Table •  3Pcs Cream Faux Leather Sofa Set •  3Pcs Dark Brown Faux Leather Sofa Set •  3Pcs Dark Chocolate and Cream Faux Leather Sofa Set •  3Pcs Dark Gray Leather Air Fabric Sofa Set •  3Pcs Purple Fabric Sofa Set •  3Pcs Rose Gold Faux Leather Sofa Set •  3Pcs Taupe Microfiber Leather Sofa Set •  3Pcs White Microfiber Leather Sofa Set •  6Pcs Sectional Set in Grey •  Abrianna Brown Love Seat •  Abrianna Brown Sofa •  Abrianna Brown Sofa Set •  Abrianna Gray Love Seat •  Abrianna Gray Sofa •  Abrianna Gray Sofa Set •  Accent Chair in Indigo •  Aislin Espresso Chair •  Aislin Espresso Love Seat •  Aislin Espresso Ottoman •  Alicia Light Brown Love Seat •  Alisa Sectional in Ivory •  Amaris Dark Brown Loveseat •  Amaris Dark Brown Recliner •  Amaris Dark Brown Sofa •  Amaris Dark Brown Sofa Set •  Anita Espresso Power
278,https://lazysusansusa.com/products/ls-16-myr-16-inches-in-diameter, LS-16 MYR 16 inches in diameter
280,https://www.willowcreekteak.com/products/8pc-venice, 10 pc •  Venice Teak Deep Seating Set with Coffee Table
284,https://scenicdecor.ca/products/grasshopper-storage-bin, Grasshopper Storage Bin •  Monarch Storage Bin •  Storage Bin Cover •  JuneBug Storage Bin •  Connector Kit •  Bistro Umbrella
309,https://www.nsquarestudio.com/products/odin-bedside-table, Odin Bedside Table
313,https://scanteak.com.sg/products/apen-bookcase, APEN BOOKCASE
315,http://roomyroom.com/collections/writing-table/products/french-riviera-paris-3-drawer-desk-rmy238, Biarritz-French 2 Door Corner TV Stand TV Console • MY238 •  Biarritz •  French 2 Door 4 DVD Entertainment Unit TV Console •  French 6 Drawer Cofee Table • MY •  French Riviera Paris 3 Drawer Executive Writing Desk
320,https://1outdoorfurniture.com/products/asmund-outdoor-console-table-with-2-sink-set-1tf168inx-console-table-2-sink-set, Hari Raya •  ASMUND Outdoor Console Table with 2 Sink Set •  Asmund Outdoor Console Table with 2 Sink Set • SOLE Table 2 SINK Set •  Hari • a Ramadan Teak Wood
321,https://wholesaleclassicfurniture.com/products/lyon-french-victorian-lamp-table-bedside-timber-bedside-table-white-wcf168bs-101-pn-wh_1," French Victorian Lamp Table Bedside Timber Bedside Table, White"
324,https://houseofanli.com/products/gift-card, Gift •  GIFT •  GIF
325,https://hemma.sg/products/flower-planter?_pos=1&_sid=7be5737ba&_ss=r, W • ER •  WICKER Planters
326,https://wholesaleteakcompany.com/collections/frontpage/products/sonoma-los-angeles-mirror-back-teak-glass-display-cabinet-wtc288dc-200-mr-pnm, Mirror Back Teak Glass Display Cabinet •  Mirror Back Display Cabinet
335,https://gingerjarfurniture.com/products/page/3/,ilever •  Asolo Adjustable Sofa Pianca • oa Sofa
337,https://alteriors.ca/collections/herman-miller/products/nelson-saucer-bubble-lamp, Nelson® Saucer® Bubble Pendant Lamp
341,https://www.eurohausfurniture.com/products/novaluna-parigi-platform-bed, Novaluna - Parigi Platform Bed
344,https://www.zavedo.nz/collections/wall-hooks/products/soho-hook-50, Wall • s •  SOHO HOOK 50 •  ZAVEDO SOHO50-BLK
353,https://www.lujo.co.nz/products/bean-bag-hook, Bean Bag •  Bean Bag Hook BB-H
354,https://www.lujoliving.com/products/bean-bag-hook, Bean Bag •  Bean Bag Hook BB-H
372,https://www.zipchair.com/products/stealth-recliner-with-boston-bruins-logo, Stealth Recliner with Boston Bruins
379,https://dkmodernfurniture.com/products/novah-desks?variant=20650194534470, Novah Desk
387,https://jubileefurniturelv.com/products/anette-modern-leather-bed,Anette Modern Leather Bed • ette • modern • leather • bed
388,https://www.madebyhame.com/products/ladder, Ladder •  Towel / Blanket Ladder - European
396,https://rigersfitness.com/products/professional-wooden-rocker-balance-board,wooden-rocker-balance-board
400,https://ezzo.co.uk/collections/home-page-products/products/garret-3-seat-sofa,garret-3-seat-sofa
412,https://elephanthead.co.uk/products/colourful-markers-cushion-cover,"ful Markers, Embroidered Cushion Cover 16"" x 16"" •  Colourful Markers, Embroidered Cushion Cover 16"" x 16"""
421,https://french-classic-furniture.com/products/french-round-back-dining-chair-white-fcf688ch-000-rd-qa-wh_1," French Round Back Dining Chair •  French Round Back Dining Chair,"
427,https://plankandpipe.co.uk/products/copper-pipe-clothes-hanger-hooks, Copper Pipe Clothes Hanger Hooks
431,https://modholic.com/products/tulip-bar-table," Tulip Fiberglass Bar Table, 32"" Round •  Tulip Bar Table •  Tulip Marble Table •  Tulip Marble Dining Table - 32"" Round •  Tulip Fiberglass Table •  Tulip Fiberglass Dining Table, 32"" Round •  Tulip Marble Bar Table, 32"" Round •  Tulip Wood Top Bar Table, 35 • 5"" Round"
433,https://stylefurniture.com.sg/products/lucas-armchair,as • chair
438,https://yoyo.co.nz/products/yoyo-gift-voucher,O Gift Voucher • ift •  Gift • ou • Y • O Gift Vouchers
447,https://mahliainteriors.com.au/collections/mothers-day-15-off-sale/products/bone-inlay-floral-box-black, Bone Inlay Large Box : Floral : Black
450,https://choufani.com/products/primavera-bed, Primavera Bed 200x200
451,https://copperbarnhome.com/products/gift-card, 8 Hole Wood Sugar Mold •  Cotton Stem •  Square Wood Tray •  Wood Small Tool Box •  Gift Card
453,https://www.ofo.com.au/products/hanging-pod-chair, Hanging Pod Chair - Outdoor Hanging Chair
468,https://www.blockandchisel.co.za/products/special-features/promotion-53, Al Fresco Bianca Bar Chair •  Al Fresco Crossback Chair •  Al Fresco Gabriele Dining Table •  Bellamy Basket
482,https://modernityvintage.com/products/wilhelm-renz-metamorphic-coffee-table, Wilhelm Renz Metamorphic Coffee Table •  WILHELM RENZ METAMORPHIC COFFEE TABLE
484,https://www.smallspaceplus.com/products/scube," S-CUBE 5-in • 1 Nesting Ottoman (20"")"
488,https://www.totemroad.com/products/gift-card, Totem •  Gift
501,https://www.byronbayhangingchairs.com.au/products/weekender, Weekender Beach Chair (with head rest • .
502,https://www.homebarsusa.com/products/howard-miller-niagara-bar-693-001, Howard Miller •  Niagara Bar • 93 •  Howard Miller Niagara Bar 693
503,https://www.wellhunghammocks.com/products/mexican-hammock, Mexican Hammock •  Multicoloured •  Cotton Brazilian Hammock •  Large Cotton Brazilian Hammock •  Large Mexican Hammock •  Hanging Chair Hammock with Footrest
506,https://midcenturymasters.com/products/sculptural-ebonized-credenza-with-silver-leafed-front, Sculptural Ebonized Credenza with Silver Leafed Front
508,https://www.ledecostyle.com/collections/featured-products/products/1970s-sputnik-suspension-lamp-made-in-murano-in-star-form, Magnificent Mid-Century Modernist Inspired Sputnik Chandelier With Murano Glass Spikes •  Magnificent Mid • Century Modernist Inspired Sputnik Chandelier With Murano Glass Spikes • ificent • Century • ist Inspired Sputnik ch • ury • ist Inspired Sputnik
510,https://www.mrandmrswhite.net/products/gift-card-2, Furniture Gift Card
514,https://opulencehome.com/products/lucas-leather-chair,l • as • leather • chair
523,https://www.turquoise.co.uk/collections/walnut/products/walnut-glass-dining-table-h1096,nut • glass • dining • table
524,https://www.thecurious.mx/collections/products/products/arcos-chair, Arcos Chair
525,https://www.prestige-affairs.com/products/wishbone-y-chair," Emilia Wood Sideboard, Smoked Oak •  Emilia Wood TV Console, Smoked Oak •  Kai Wood Sideboard, Smoked Oak"
526,https://www.patiocottage.com/collections/patio-chairs/products/back-pack-chair,pack
539,https://finditstyleithome.com.au/products/dahlia-mirror-gold-1, Lulu Bed - Petal Pink Queen •  Palma Chair •  Desa Hallway Table •  Bondi White Leather Dining Chair •  Jepara Solid Mahogany 4 Poster Bed - White Queen •  Tiffany Buffet - White •  Chandra Round Coffee Table - White • . •  The Cove Rattan Console •  Lulu Bed - Queen in Charcoal •  Avalon Rattan Console •  Acorn Rattan Bedside Table - RHS •  Bronte Day Bed
540,https://medleyhome.com/products/ridge-accent-chair, Rio Sofa •  Lala Sofa in Latex + Wool • umen Bumper Sectional
542,https://shop.humblecrew.com/products/lucky-theory-metal-chair, Humble Crew •  River Collection Chair •  Plastic Desk Chair with Metal Frame
545,https://woodshopfogoisland.ca/products/bertha-chair, Bertha Chair •  Bertha
548,https://www.thefurniturefactory.org.uk/products/warwick-dining-set, Warwick Dining Table & 4 Chairs
551,https://tiger-oak.com/products/skovby-portable-bar, 1960s Skovby Portable Captain's Bar
561,https://www.soleilcollective.com/collections/beds/products/driade-edward-i-double-panel-bed,panel • bed
566,https://shop.gubi.com/products/epic-dining-table, Elogio Sofa •  Elogio Sofa Module •  ELOGIO SOFA
567,https://nativelifestyle.co.uk/products/cons-cesar01, Cesar Gold Console Table • esar
581,https://finelinefurnitureandaccessories.com/products/colosso-woven-neoprene-hand-knotted-basket, Colosso Woven Neoprene Hand Knotted Baskets
596,https://furnituremaddness.com/products/l-shape-leather-lounge,shape
597,https://suncoastsitra.shoptiqstore.com.sg/products/footstool&media=https://cdn.store-assets.com/s/257913/i/8659911_480x.jpeg&description=Footstool,Footstool
605,https://pepegarden.co.uk/products/erica-park-bench, Erica Park Bench •  Viking Chair
609,https://settlehome.co.uk/products/double-pair-of-triple-pinch-pleat-curtains-in-zoffany, Double pair of Triple Pinch Pleat Curtains
627,https://www.theurbaneditions.com/products/marston-wide-desk-on-minimalist-square-legs, Marston Wide Console Desk on Minimalist Square Legs
632,https://hanchicsfurniture.co.uk/products/stag-f-b-sideboard, The Stag Geo Sideboard
637,https://www.nabisottomanfurniture.co.uk/products/chesterfield-diamante-bed-frame, CHESTERFIELD DIAMANTE BED FRAME CRUSHED V • ET
638,https://paulcaseboutique.co.uk/products/spyder-dining-chair,der • dining • chair
653,https://www.abowed.co.uk/products/oak-four-poster-bed, Solid Oak Four Poster Bed With Drapes
654,https://www.peterboroughreclinercentre.co.uk/products/reno-chair-with-footstool,reno-chair-with-footstool
658,https://www.sheridaninteriors.co.uk/products/celine-fabric-bed,fabric • bed
666,https://snugathome.co.uk/products/eiffel-dining-chair,el • dining • chair
675,https://www.arfurnishings.co.uk/products/kyoto-quilted-knockerback-chair,ilted
676,https://www.dezilux.co.uk/products/aliya-french-style-console-table,aliya-french-style-console-table
682,https://airfurniture.co.uk/products/zues-pu-storage-bed,storage • bed